Access to Justice (ATJ),
Antitrust Division (ATR),
"Bureau of Alcohol, Tobacco, Firearms and Explosives (ATF)",
Civil Division (CIV),
Civil Rights Division (CRT),
Community Relations Service (CRS),
Criminal Division (CRM),
Drug Enforcement Administration (DEA),
Environment and Natural Resources Division (ENRD),
Executive Office for Immigration Review (EOIR),
Executive Office for Organized Crime Drug Enforcement Task Force (OCDETF),
Executive Office for United States Attorneys (EOUSA),
Executive Office for United States Trustees (EOUST),
Federal Bureau of Investigation (FBI),
Federal Bureau of Prisons (BOP),
Foreign Claims Settlement Commission (FCSC),
INTERPOL Washington,
Justice Management Division (JMD),
National Security Division (NSD),
Office of Attorney Recruitment and Management (OARM),
Office of Community Oriented Policing Services (COPS),
Office of Information Policy (OIP),
Office of Justice Programs (OJP),
Office of Legal Counsel (OLC),
Office of Legal Policy (OLP),
Office of Legislative Affairs (OLA),
Office of Privacy and Civil Liberties (OPCL),
Office of Professional Responsibility (OPR),
Office of Public Affairs (PAO),
Office of the Associate Attorney General (OASG),
Office of the Attorney General (OAG),
Office of the Deputy Attorney General (ODAG),
Office of the DOJ Executive Secretariat (EXECSEC),
Office of the Inspector General (OIG),
Office of the Pardon Attorney (OPA),
Office of the Solicitor General (OSG),
Office of Tribal Justice (OTJ),
Office on Violence Against Women (OVW),
Professional Misconduct Review Unit (PMRU),
Professional Responsibility Advisory Office (PRAO),
Tax Division (TAX),
United States Attorney's Office (USAO),Executive Office for United States Attorneys (EOUSA)
United States Marshals Service (USMS),
United States Parole Commission (USPC),
United States Trustee (UST),
United States Attorney's Office (USAO),District of Wyoming
United States Attorney's Office (USAO),Western District of Wisconsin
United States Attorney's Office (USAO),Eastern District of Wisconsin
United States Attorney's Office (USAO),Southern District of West Virginia
United States Attorney's Office (USAO),Northern District of West Virginia
United States Attorney's Office (USAO),Western District of Washington
United States Attorney's Office (USAO),Eastern District of Washington
United States Attorney's Office (USAO),Western District of Virginia
United States Attorney's Office (USAO),Eastern District of Virginia
United States Attorney's Office (USAO),District of the Virgin Islands
United States Attorney's Office (USAO),District of Vermont
United States Attorney's Office (USAO),District of Utah
United States Attorney's Office (USAO),Western District of Texas
United States Attorney's Office (USAO),Southern District of Texas
United States Attorney's Office (USAO),Northern District of Texas
United States Attorney's Office (USAO),Eastern District of Texas
United States Attorney's Office (USAO),Western District of Tennessee
United States Attorney's Office (USAO),Middle District of Tennessee
United States Attorney's Office (USAO),Eastern District of Tennessee
United States Attorney's Office (USAO),District of South Dakota
United States Attorney's Office (USAO),District of South Carolina
United States Attorney's Office (USAO),District of Rhode Island
United States Attorney's Office (USAO),District of Puerto Rico
United States Attorney's Office (USAO),Western District of Pennsylvania
United States Attorney's Office (USAO),Middle District of Pennsylvania
United States Attorney's Office (USAO),Eastern District of Pennsylvania
United States Attorney's Office (USAO),District of Oregon
United States Attorney's Office (USAO),Western District of Oklahoma
United States Attorney's Office (USAO),Northern District of Oklahoma
United States Attorney's Office (USAO),Eastern District of Oklahoma
United States Attorney's Office (USAO),Southern District of Ohio
United States Attorney's Office (USAO),Northern District of Ohio
United States Attorney's Office (USAO),District of North Dakota
United States Attorney's Office (USAO),Western District of North Carolina
United States Attorney's Office (USAO),Middle District of North Carolina
United States Attorney's Office (USAO),Eastern District of North Carolina
United States Attorney's Office (USAO),Western District of New York
United States Attorney's Office (USAO),Southern District of New York
United States Attorney's Office (USAO),Northern District of New York
United States Attorney's Office (USAO),Eastern District of New York
United States Attorney's Office (USAO),District of New Mexico
United States Attorney's Office (USAO),District of New Jersey
United States Attorney's Office (USAO),District of New Hampshire
United States Attorney's Office (USAO),District of Nevada
United States Attorney's Office (USAO),District of Nebraska
United States Attorney's Office (USAO),District of Montana
United States Attorney's Office (USAO),Western District of Missouri
United States Attorney's Office (USAO),Eastern District of Missouri
United States Attorney's Office (USAO),Southern District of Mississippi
United States Attorney's Office (USAO),Northern District of Mississippi
United States Attorney's Office (USAO),District of Minnesota
United States Attorney's Office (USAO),Western District of Michigan
United States Attorney's Office (USAO),Eastern District of Michigan
United States Attorney's Office (USAO),District of Massachusetts
United States Attorney's Office (USAO),District of Maryland
United States Attorney's Office (USAO),Western District of Louisiana
United States Attorney's Office (USAO),Middle District of Louisiana
United States Attorney's Office (USAO),Eastern District of Louisiana
United States Attorney's Office (USAO),Western District of Kentucky
United States Attorney's Office (USAO),Eastern District of Kentucky
United States Attorney's Office (USAO),District of Kansas
United States Attorney's Office (USAO),Southern District of Iowa
United States Attorney's Office (USAO),Northern District of Iowa
United States Attorney's Office (USAO),Southern District of Indiana
United States Attorney's Office (USAO),Northern District of Indiana
United States Attorney's Office (USAO),Southern District of Illinois
United States Attorney's Office (USAO),Northern District of Illinois
United States Attorney's Office (USAO),Central District of Illinois
United States Attorney's Office (USAO),District of Idaho
United States Attorney's Office (USAO),District of Hawaii
United States Attorney's Office (USAO),Guam & Northern Mariana Islands
United States Attorney's Office (USAO),Southern District of Georgia
United States Attorney's Office (USAO),Northern District of Georgia
United States Attorney's Office (USAO),Middle District of Georgia
United States Attorney's Office (USAO),Southern District of Florida
United States Attorney's Office (USAO),Northern District of Florida
United States Attorney's Office (USAO),Middle District of Florida
United States Attorney's Office (USAO),District of Columbia
United States Attorney's Office (USAO),District of Delaware
United States Attorney's Office (USAO),District of Connecticut
United States Attorney's Office (USAO),District of Colorado
United States Attorney's Office (USAO),Southern District of California
United States Attorney's Office (USAO),Northern District of California
United States Attorney's Office (USAO),Eastern District of California
United States Attorney's Office (USAO),Central District of California
United States Attorney's Office (USAO),Western District of Arkansas
United States Attorney's Office (USAO),Eastern District of Arkansas
United States Attorney's Office (USAO),District of Arizona
United States Attorney's Office (USAO),District of Alaska
United States Attorney's Office (USAO),Southern District of Alabama
United States Attorney's Office (USAO),Northern District of Alabama
United States Attorney's Office (USAO),Middle District of Alabama
United States Attorney's Office (USAO),District of Maine
