Access to Justice,atj
Antitrust Division,atr
Careers,careers
Civil Division,civil
Community Oriented Policing Services,cops
Criminal Division,criminal
Community Relations Service,crs
Civil Rights Division,crt
Environment and Natural Resources Division,enrd
Executive Office for Immigration Review,eoir
Foreign Claims Settlement Commission of the U.S.,fcsc
Justice Management Division,jmd
La Officina de Politicas de Informacion,oip-spanish
National Security Division,nsd
National Security Division Office of Justice for Victims of Overseas Terrorism,nsd-ovt
National Security Division New Employee Orientation,nsd-new-employee
Office of the Deputy Attorney General,dag
Office of the Associate Attorney General,aag
Office of the Attorney General,ag
Office of Attorney Recruitment & Management,oarm
Office of Information Policy,oip
Office of the Inspector General,oig
Office of Legislative Affairs,ola
Office of Legal Counsel,olc
Office of Legal Policy,olp
Office of Public Affairs,opa
Office of Privacy and Civil Liberties,opcl
Office of Professional Responsibility,opr
Office of the Solicitor General,osg
Office of Tribal Justice,otj
Office on Violence Against Women,ovw
Office of the Pardon,pardon
Professional Responsibility Advisory Office,prao
Project Safe Childhood,psc
Recovery Act,recovery
Tax Division,tax
Tribal Justice and Safety,tribal
U.S. Attorneys,usao
INTERPOL Washington,interpol-washington
U.S. Parole Commission,uspc
U.S. Trustee Program,ust