UST Region 1,ust-regions-r01
UST Region 2,ust-regions-r02
UST Region 3,ust-regions-r03
UST Region 4,ust-regions-r04
UST Region 5,ust-regions-r05
UST Region 6,ust-regions-r06
UST Region 7,ust-regions-r07
UST Region 8,ust-regions-r08
UST Region 9,ust-regions-r09
UST Region 10,ust-regions-r10
UST Region 11,ust-regions-r11
UST Region 12,ust-regions-r12
UST Region 13,ust-regions-r13
UST Region 14,ust-regions-r14
UST Region 15,ust-regions-r15
UST Region 16,ust-regions-r16
UST Region 17,ust-regions-r17
UST Region 18,ust-regions-r18
UST Region 19,ust-regions-r19
UST Region 20,ust-regions-r20
UST Region 21,ust-regions-r21